Time,ReachedHoldTime,Force,DesiredForce,State,ActualWidth,CommandWidth,Proximity,RawFzL,RawFzR,ForcePrediction,SpringConstant,RLSError,BaselineWidth,Ripeness
1763619189.5843391,0,0.05,0.5,0,0,1,189,220,140.0,None,None,None,0.0,unknown
1763619189.636532,0,0.03333333333333333,0.5,0,0,1,198,219.9,138.33333333333331,None,None,None,0.0,unknown
1763619189.836007,0,0.025,0.5,0,0,1,202.5,219.8,136.25,None,None,None,0.0,unknown
1763619189.9962187,0,0.030000000000000002,0.5,1,0,1,205.2,219.70000000000002,134.0,None,None,None,0.0,unknown
1763619190.0715895,0,0.03333333333333333,0.5,0,1,1,207,219.60000000000002,133.33333333333331,None,None,None,0.0,unknown
1763619190.1478107,0,0.03571428571428572,0.5,0,1,1,208.28571428571428,219.50000000000003,132.14285714285714,None,None,None,0.0,unknown
1763619190.2812169,0,0.043750000000000004,0.5,1,1,1,209.25,219.40000000000003,132.5,None,None,None,0.0,unknown
1763619190.3881593,0,0.044444444444444446,0.5,0,1,1,210,219.30000000000004,133.33333333333334,None,None,None,0.0,unknown
1763619190.5367663,0,0.04,0.5,0,0,1,208.5,219.20000000000005,132.5,None,None,None,0.0,unknown
1763619190.6734493,0,0.04090909090909091,0.5,0,1,1,207.27272727272728,219.10000000000005,131.36363636363637,None,None,None,0.0,unknown
1763619190.9484475,0,0.04166666666666667,0.5,1,0,1,206.25,219.00000000000006,129.16666666666669,None,None,None,0.0,unknown
1763619191.0351753,0,0.038461538461538464,0.5,0,0,1,205.3846153846154,218.90000000000006,127.3076923076923,None,None,None,0.0,unknown
1763619191.0904863,0,0.03571428571428572,0.5,0,0,1,204.64285714285714,218.80000000000007,125.35714285714286,None,None,None,0.0,unknown
1763619191.2288709,0,0.03333333333333333,0.5,0,0,1,204,218.70000000000007,123.0,None,None,None,0.0,unknown
1763619191.2634332,0,0.03125,0.5,0,0,1,203.4375,218.60000000000008,120.625,None,None,None,0.0,unknown
1763619191.3512783,0,0.03235294117647059,0.5,0,1,1,202.94117647058823,218.50000000000009,118.52941176470588,None,None,None,0.0,unknown
1763619191.4763865,0,0.030555555555555558,0.5,0,0,1,202.5,218.4000000000001,116.94444444444444,None,None,None,0.0,unknown
1763619191.5467021,0,0.031578947368421054,0.5,1,0,1,202.10526315789474,218.3000000000001,115.52631578947367,None,None,None,0.0,unknown
1763619191.7055612,0,0.030000000000000002,0.5,0,0,1,202.8,218.2000000000001,115.75,None,None,None,0.0,unknown
1763619191.8841274,0,0.028571428571428574,0.5,0,0,1,203.42857142857142,218.1000000000001,116.19047619047618,None,None,None,0.0,unknown
1763619192.0702937,0,0.02954545454545455,0.5,1,0,1,204,218.0000000000001,116.5909090909091,None,None,None,0.0,unknown
1763619192.091844,0,0.030434782608695653,0.5,1,0,1,204.52173913043478,217.90000000000012,117.3913043478261,None,None,None,0.0,unknown
1763619192.1534584,0,0.03125,0.5,1,0,1,205,217.80000000000013,117.91666666666666,None,None,None,0.0,unknown
1763619192.2711482,0,0.032,0.5,1,0,1,205.44,217.70000000000013,118.2,None,None,None,0.0,unknown
1763619192.3971398,0,0.032692307692307694,0.5,0,1,1,205.84615384615384,217.60000000000014,118.65384615384616,None,None,None,0.0,unknown
1763619192.4991057,0,0.03333333333333333,0.5,1,0,1,206.22222222222223,217.50000000000014,119.07407407407408,None,None,None,0.0,unknown
1763619192.7054536,0,0.03571428571428572,0.5,1,1,1,206.57142857142858,217.40000000000015,119.28571428571428,None,None,None,0.0,unknown
1763619192.9185104,0,0.03620689655172414,0.5,1,0,1,206.17241379310346,217.30000000000015,118.10344827586206,None,None,None,0.0,unknown
1763619193.124242,0,0.03833333333333334,0.5,1,1,1,205.8,217.20000000000016,117.0,None,None,None,0.0,unknown
1763619193.2808297,0,0.03709677419354839,0.5,0,0,1,205.4516129032258,217.10000000000016,116.12903225806451,None,None,None,0.0,unknown
1763619193.340984,0,0.035937500000000004,0.5,0,0,1,205.125,217.00000000000017,115.15625,None,None,None,0.0,unknown
1763619193.3937085,0,0.03636363636363637,0.5,0,1,1,204.8181818181818,216.90000000000018,114.24242424242425,None,None,None,0.0,unknown
1763619193.6495914,0,0.03676470588235294,0.5,0,1,1,204.52941176470588,216.80000000000018,113.38235294117646,None,None,None,0.0,unknown
1763619193.7845156,0,0.03571428571428572,0.5,0,0,1,204.25714285714287,216.7000000000002,112.57142857142857,None,None,None,0.0,unknown
1763619193.8131955,0,0.034722222222222224,0.5,0,0,1,204,216.6000000000002,111.52777777777779,None,None,None,0.0,unknown
1763619193.827428,0,0.033783783783783786,0.5,0,0,1,203.75675675675674,216.5000000000002,110.67567567567568,None,None,None,0.0,unknown
1763619193.8783054,0,0.03289473684210527,0.5,0,0,1,203.52631578947367,216.4000000000002,110.13157894736842,None,None,None,0.0,unknown
1763619193.9205523,0,0.032051282051282055,0.5,0,0,1,203.30769230769232,216.3000000000002,109.48717948717947,None,None,None,0.0,unknown
1763619193.953956,0,0.03125,0.5,0,0,1,203.1,216.20000000000022,108.75,None,None,None,0.0,unknown
1763619194.2107003,0,0.03170731707317073,0.5,1,0,1,203.41463414634146,216.10000000000022,108.90243902439025,None,None,None,0.0,unknown
1763619194.2984886,0,0.030952380952380953,0.5,0,0,1,203.71428571428572,216.00000000000023,109.16666666666666,None,None,None,0.0,unknown
1763619194.3788903,0,0.031395348837209305,0.5,1,0,1,204,215.90000000000023,109.30232558139534,None,None,None,0.0,unknown
1763619194.4043763,0,0.030681818181818185,0.5,0,0,1,204.27272727272728,215.80000000000024,109.54545454545455,None,None,None,0.0,unknown
1763619194.4297802,0,0.030000000000000002,0.5,0,0,1,204.53333333333333,215.70000000000024,109.77777777777777,None,None,None,0.0,unknown
1763619194.554115,0,0.029347826086956522,0.5,0,0,1,204.7826086956522,215.60000000000025,110.0,None,None,None,0.0,unknown
1763619194.6263752,0,0.028723404255319152,0.5,0,0,1,205.0212765957447,215.50000000000026,110.1063829787234,None,None,None,0.0,unknown
1763619194.6787243,0,0.028125,0.5,0,0,1,205.25,215.40000000000026,110.3125,None,None,None,0.0,unknown
1763619194.7438314,0,0.027551020408163266,0.5,0,0,1,205.46938775510205,215.30000000000027,110.51020408163265,None,None,None,0.0,unknown
1763619194.8613663,0,0.028,0.5,1,0,1,205.68,215.20000000000027,110.6,None,None,None,0.0,unknown
1763619194.9914114,0,0.026000000000000002,0.5,0,0,1,205.47058823529412,215.10000000000028,110.29411764705881,None,None,None,0.0,unknown
1763619195.159353,0,0.026000000000000002,0.5,0,0,1,205.26923076923077,215.00000000000028,109.80769230769229,None,None,None,0.0,unknown
1763619195.27618,0,0.026000000000000002,0.5,0,0,1,205.0754716981132,214.9000000000003,109.43396226415094,None,None,None,0.0,unknown
1763619195.3796363,0,0.026000000000000002,0.5,0,0,1,204.88888888888889,214.8000000000003,108.9814814814815,None,None,None,0.0,unknown
1763619195.418184,0,0.025,0.5,0,0,1,204.70909090909092,214.7000000000003,108.54545454545455,None,None,None,0.0,unknown
1763619195.4364018,0,0.025,0.5,1,0,1,204.53571428571428,214.6000000000003,108.125,None,None,None,0.0,unknown
1763619195.648391,0,0.025,0.5,1,0,1,204.3684210526316,214.5000000000003,107.80701754385964,None,None,None,0.0,unknown
1763619195.7548745,0,0.026000000000000002,0.5,1,2,1,204.20689655172413,214.40000000000032,107.5,None,None,None,0.0,unknown
1763619195.885769,0,0.025,0.5,0,0,1,204.11864406779662,214.30000000000032,107.20338983050847,None,None,None,0.0,unknown
1763619196.0415006,0,0.026000000000000002,0.5,1,0,1,204.31666666666666,214.20000000000033,107.16666666666667,None,None,None,0.0,unknown
1763619196.0820863,0,0.025,0.5,0,0,1,204.50819672131146,214.10000000000034,107.21311475409836,None,None,None,0.0,unknown
1763619196.1423874,0,0.024,0.5,0,0,1,204.69354838709677,214.00000000000034,107.17741935483872,None,None,None,0.0,unknown
1763619196.2425487,0,0.025,0.5,0,1,1,204.87301587301587,213.90000000000035,107.3015873015873,None,None,None,0.0,unknown
1763619196.4622579,0,0.025,0.5,0,0,1,205.046875,213.80000000000035,107.265625,None,None,None,0.0,unknown
1763619196.552189,0,0.025,0.5,0,0,1,205.2153846153846,213.70000000000036,107.38461538461539,None,None,None,0.0,unknown
1763619196.673112,0,0.027,0.5,1,1,1,205.37878787878788,213.60000000000036,107.5,None,None,None,0.0,unknown
1763619196.7738922,0,0.026000000000000002,0.5,0,0,1,205.53731343283582,213.50000000000037,107.61194029850746,None,None,None,0.0,unknown
1763619196.945611,0,0.028,0.5,0,2,1,205.69117647058823,213.40000000000038,107.72058823529412,None,None,None,0.0,unknown
1763619197.0625007,0,0.027,0.5,0,0,1,205.53623188405797,213.30000000000038,107.82608695652173,None,None,None,0.0,unknown
1763619197.1061811,0,0.027,0.5,0,0,1,205.38571428571427,213.2000000000004,107.78571428571428,None,None,None,0.0,unknown
1763619197.1496308,0,0.027,0.5,0,0,1,205.2394366197183,213.1000000000004,107.8169014084507,None,None,None,0.0,unknown
1763619197.2595906,0,0.027,0.5,0,1,1,205.09722222222223,213.0000000000004,107.70833333333334,None,None,None,0.0,unknown
1763619197.3031075,0,0.028,0.5,1,1,1,204.95890410958904,212.9000000000004,107.32876712328766,None,None,None,0.0,unknown
1763619197.3996136,0,0.027,0.5,0,0,1,204.82432432432432,212.8000000000004,106.95945945945945,None,None,None,0.0,unknown
1763619197.714041,0,0.027,0.5,0,1,1,204.69333333333333,212.70000000000041,106.6,None,None,None,0.0,unknown
1763619197.813869,0,0.028,0.5,0,2,1,204.56578947368422,212.60000000000042,106.25,None,None,None,0.0,unknown
1763619197.9456222,0,0.028,0.5,0,1,1,204.44155844155844,212.50000000000043,105.9090909090909,None,None,None,0.0,unknown
1763619198.2064452,0,0.028,0.5,0,2,1,204.32051282051282,212.40000000000043,105.51282051282051,None,None,None,0.0,unknown
1763619198.3146229,0,0.029,0.5,1,1,1,204.25316455696202,212.30000000000044,105.12658227848101,None,None,None,0.0,unknown
1763619198.359549,0,0.027,0.5,0,0,1,204.1375,212.20000000000044,104.8125,None,None,None,0.0,unknown
1763619198.4846482,0,0.027,0.5,0,0,1,204.28395061728395,212.10000000000045,104.81481481481481,None,None,None,0.0,unknown
1763619198.5985842,0,0.027,0.5,0,0,1,204.4268292682927,212.00000000000045,104.9390243902439,None,None,None,0.0,unknown
1763619198.6558816,0,0.028,0.5,0,2,1,204.56626506024097,211.90000000000046,104.93975903614458,None,None,None,0.0,unknown
1763619198.6659875,0,0.029,0.5,0,2,1,204.70238095238096,211.80000000000047,104.94047619047619,None,None,None,0.0,unknown
1763619198.6875927,0,0.032,0.5,0,3,1,204.83529411764707,211.70000000000047,105.0,None,None,None,0.0,unknown
1763619198.7950997,0,0.033,0.5,0,1,1,204.96511627906978,211.60000000000048,105.11627906976744,None,None,None,0.0,unknown
1763619198.9272103,0,0.035,0.5,1,1,1,205.09195402298852,211.50000000000048,105.22988505747126,None,None,None,0.0,unknown
1763619199.0386927,0,0.037,0.5,0,2,1,205.2159090909091,211.4000000000005,105.39772727272728,None,None,None,0.0,unknown
1763619199.0558496,0,0.04,0.5,1,2,1,205.3370786516854,211.3000000000005,105.6179775280899,None,None,None,0.0,unknown
1763619199.0736847,0,0.04,0.5,0,0,1,205.45555555555555,211.2000000000005,105.72222222222223,None,None,None,0.0,unknown
1763619199.1933243,0,0.04,0.5,0,1,1,205.34065934065933,211.1000000000005,105.54945054945055,None,None,None,0.0,unknown
1763619199.3578951,0,0.042,0.5,0,2,1,205.22826086956522,211.0000000000005,105.32608695652173,None,None,None,0.0,unknown
1763619199.525124,0,0.041,0.5,0,0,1,205.11827956989248,210.90000000000052,105.21505376344086,None,None,None,0.0,unknown
1763619199.580074,0,0.043000000000000003,0.5,1,1,1,205.01063829787233,210.80000000000052,105.05319148936171,None,None,None,0.0,unknown
1763619199.6756017,0,0.044000000000000004,0.5,0,1,1,204.90526315789472,210.70000000000053,104.8421052631579,None,None,None,0.0,unknown
1763619199.7988982,0,0.044000000000000004,0.5,0,0,1,204.80208333333334,210.60000000000053,104.6875,None,None,None,0.0,unknown
1763619200.0491457,0,0.044000000000000004,0.5,0,0,1,204.70103092783506,210.50000000000054,104.5360824742268,None,None,None,0.0,unknown
1763619200.1445134,0,0.044000000000000004,0.5,0,0,1,204.60204081632654,210.40000000000055,104.33673469387755,None,None,None,0.0,unknown
1763619200.2779827,0,0.046,0.5,2,0,1,204.54545454545453,210.30000000000055,104.24242424242424,None,None,None,0.0,unknown
1763619200.3661425,0,0.047,0.5,0,2,1,204.66,210.20000000000056,104.2,None,None,None,0.0,unknown
1763619200.447545,0,0.048,0.5,1,0,1,205.2,210.10000000000056,103.7,None,None,None,0.0,unknown
1763619200.518108,0,0.049,0.5,0,1,1,205.2,210.00000000000057,103.5,None,None,None,0.0,unknown
1763619200.703439,0,0.049,0.5,0,0,1,205.2,209.90000000000057,103.30000000000001,None,None,None,0.0,unknown
1763619200.7875786,0,0.053000000000000005,0.5,2,2,1,205.2,209.80000000000058,103.10000000000001,None,None,None,0.0,unknown
1763619200.9051092,0,0.054,0.5,0,1,1,205.2,209.70000000000059,102.95,None,None,None,0.0,unknown
1763619200.9768932,0,0.054,0.5,1,0,1,205.2,209.6000000000006,102.80000000000001,None,None,None,0.0,unknown
1763619201.0027053,0,0.056,0.5,1,2,1,205.2,209.5000000000006,102.65,None,None,None,0.0,unknown
1763619201.1315713,0,0.055,0.5,1,1,1,205.2,209.4000000000006,102.4,None,None,None,0.0,unknown
1763619201.1552968,0,0.057,0.5,1,1,1,205.2,209.3000000000006,102.15,None,None,None,0.0,unknown
1763619201.3326397,0,0.057,0.5,0,1,1,205.2,209.2000000000006,101.69999999999999,None,None,None,0.0,unknown
1763619201.5774574,0,0.059000000000000004,0.5,2,0,1,205.2,209.10000000000062,101.15,None,None,None,0.0,unknown
1763619201.6949596,0,0.059000000000000004,0.5,0,0,1,205.2,209.00000000000063,100.7,None,None,None,0.0,unknown
1763619201.9463592,0,0.059000000000000004,0.5,1,0,1,205.2,208.90000000000063,100.3,None,None,None,0.0,unknown
1763619202.099244,0,0.059000000000000004,0.5,0,0,1,205.2,208.80000000000064,99.85000000000001,None,None,None,0.0,unknown
1763619202.2571528,0,0.062,0.5,1,2,1,205.2,208.70000000000064,99.5,None,None,None,0.0,unknown
1763619202.3426232,0,0.061000000000000006,0.5,1,0,1,205.2,208.60000000000065,99.30000000000001,None,None,None,0.0,unknown
1763619202.40246,0,0.063,0.5,1,1,1,205.2,208.50000000000065,99.0,None,None,None,0.0,unknown
1763619202.48093,0,0.061000000000000006,0.5,0,0,1,205.2,208.40000000000066,98.6,None,None,None,0.0,unknown
1763619202.546086,0,0.063,0.5,2,0,1,205.29,208.30000000000067,98.30000000000001,None,None,None,0.0,unknown
1763619202.5900826,0,0.064,0.5,1,0,1,205.08,208.20000000000067,97.8,None,None,None,0.0,unknown
1763619202.6445966,0,0.065,0.5,1,0,1,204.87,208.10000000000068,97.3,None,None,None,0.0,unknown
1763619202.7231464,0,0.065,0.5,1,0,1,204.66,208.00000000000068,96.7,None,None,None,0.0,unknown
1763619202.774246,0,0.063,0.5,0,0,1,204.45,207.9000000000007,96.0,None,None,None,0.0,unknown
1763619202.8273544,0,0.063,0.5,0,0,1,204.24,207.8000000000007,95.25,None,None,None,0.0,unknown
1763619202.9302583,0,0.063,0.5,1,0,1,204.03,207.7000000000007,94.80000000000001,None,None,None,0.0,unknown
1763619203.0337648,0,0.062,0.5,0,1,1,203.82,207.6000000000007,94.25,None,None,None,0.0,unknown
1763619203.2052462,0,0.062,0.5,0,1,1,203.61,207.5000000000007,93.65,None,None,None,0.0,unknown
1763619203.35042,0,0.062,0.5,1,1,1,203.4,207.40000000000072,93.05,None,None,None,0.0,unknown
1763619203.4092755,0,0.061000000000000006,0.5,0,1,1,203.4,207.30000000000072,92.89999999999999,None,None,None,0.0,unknown
1763619203.45763,0,0.062,0.5,0,1,1,203.4,207.20000000000073,92.69999999999999,None,None,None,0.0,unknown
1763619203.504787,0,0.063,0.5,0,1,1,203.4,207.10000000000073,92.44999999999999,None,None,None,0.0,unknown
1763619203.6003985,0,0.063,0.5,0,0,1,203.4,207.00000000000074,92.3,None,None,None,0.0,unknown
1763619203.682511,0,0.061000000000000006,0.5,0,0,1,203.4,206.90000000000074,92.1,None,None,None,0.0,unknown
1763619203.7554975,0,0.060000000000000005,0.5,1,0,1,203.4,206.80000000000075,91.94999999999999,None,None,None,0.0,unknown
1763619203.7965999,0,0.060000000000000005,0.5,2,1,1,203.4,206.70000000000076,91.75,None,None,None,0.0,unknown
1763619203.9632761,0,0.061000000000000006,0.5,0,2,1,203.4,206.60000000000076,91.75,None,None,None,0.0,unknown
1763619204.053011,0,0.059000000000000004,0.5,0,0,1,203.4,206.50000000000077,91.6,None,None,None,0.0,unknown
1763619204.2103467,0,0.059000000000000004,0.5,2,0,1,203.4,206.40000000000077,91.35,None,None,None,0.0,unknown
1763619204.2590146,0,0.059000000000000004,0.5,1,2,1,203.4,206.30000000000078,91.14999999999999,None,None,None,0.0,unknown
1763619204.4074662,0,0.061000000000000006,0.5,1,1,1,203.4,206.20000000000078,91.0,None,None,None,0.0,unknown
1763619204.4437857,0,0.061000000000000006,0.5,1,0,1,203.19,206.1000000000008,90.5,None,None,None,0.0,unknown
1763619204.521361,0,0.060000000000000005,0.5,0,1,1,202.98,206.0000000000008,90.0,None,None,None,0.0,unknown
1763619204.6175704,0,0.061000000000000006,0.5,0,1,1,202.77,205.9000000000008,89.60000000000001,None,None,None,0.0,unknown
1763619204.7381778,0,0.059000000000000004,0.5,0,0,1,202.56,205.8000000000008,89.10000000000001,None,None,None,0.0,unknown
1763619204.7907,0,0.058,0.5,0,0,1,202.35,205.7000000000008,88.64999999999999,None,None,None,0.0,unknown
1763619204.9055378,0,0.059000000000000004,0.5,1,0,1,202.14,205.60000000000082,88.14999999999999,None,None,None,0.0,unknown
1763619204.9505017,0,0.060000000000000005,0.5,0,1,1,201.93,205.50000000000082,87.65,None,None,None,0.0,unknown
1763619205.0177386,0,0.060000000000000005,0.5,0,0,1,201.72,205.40000000000083,87.14999999999999,None,None,None,0.0,unknown
1763619205.084418,0,0.058,0.5,0,0,1,201.51,205.30000000000084,86.55,None,None,None,0.0,unknown
1763619205.2500896,0,0.058,0.5,1,1,1,201.3,205.20000000000084,86.10000000000001,None,None,None,0.0,unknown
1763619205.4279072,0,0.057,0.5,0,0,1,201.3,205.10000000000085,85.85000000000001,None,None,None,0.0,unknown
1763619205.4992177,0,0.056,0.5,0,0,1,201.3,205.00000000000085,85.65,None,None,None,0.0,unknown
1763619205.5548747,0,0.057,0.5,0,1,1,201.3,204.90000000000086,85.45,None,None,None,0.0,unknown
1763619205.5881696,0,0.056,0.5,1,2,1,201.3,204.80000000000086,85.25,None,None,None,0.0,unknown
1763619205.7502053,0,0.056,0.5,1,0,1,201.3,204.70000000000087,85.10000000000001,None,None,None,0.0,unknown
1763619205.7875412,0,0.055,0.5,0,0,1,201.3,204.60000000000088,84.9,None,None,None,0.0,unknown
1763619205.8622177,0,0.053,0.5,1,0,1,201.3,204.50000000000088,84.65,None,None,None,0.0,unknown
1763619205.9622233,0,0.051000000000000004,0.5,0,0,1,201.3,204.4000000000009,84.4,None,None,None,0.0,unknown
1763619206.0222204,0,0.051000000000000004,0.5,1,1,1,201.26,204.3000000000009,84.2,None,None,None,0.0,unknown
1763619206.0730321,0,0.051000000000000004,0.5,1,0,1,201.05,204.2000000000009,83.8,None,None,None,0.0,unknown
1763619206.200768,0,0.05,0.5,1,0,1,200.84,204.1000000000009,83.4,None,None,None,0.0,unknown
1763619206.355018,0,0.051000000000000004,0.5,1,0,1,200.63,204.0000000000009,83.05,None,None,None,0.0,unknown
1763619206.4526498,0,0.052000000000000005,0.5,1,1,1,200.42,203.90000000000092,82.55,None,None,None,0.0,unknown
1763619206.5855887,0,0.052000000000000005,0.5,0,0,1,200.21,203.80000000000092,82.14999999999999,None,None,None,0.0,unknown
1763619206.7298193,0,0.049,0.5,0,0,1,200,203.70000000000093,81.75,None,None,None,0.0,unknown
1763619206.7832618,0,0.049,0.5,1,0,1,199.79,203.60000000000093,81.25,None,None,None,0.0,unknown
1763619206.8317306,0,0.047,0.5,0,0,1,199.58,203.50000000000094,80.75,None,None,None,0.0,unknown
1763619206.9778626,0,0.047,0.5,0,0,1,199.37,203.40000000000094,80.3,None,None,None,0.0,unknown
1763619207.353202,0,0.047,0.5,1,1,1,199.37,203.30000000000095,79.80000000000001,None,None,None,0.0,unknown
1763619207.4534116,0,0.046,0.5,0,0,1,199.37,203.20000000000095,79.4,None,None,None,0.0,unknown
1763619207.553357,0,0.046,0.5,1,0,1,199.37,203.10000000000096,78.94999999999999,None,None,None,0.0,unknown
1763619207.700059,0,0.045,0.5,0,0,1,199.37,203.00000000000097,78.60000000000001,None,None,None,0.0,unknown
1763619207.8701985,0,0.046,0.5,1,0,1,199.37,202.90000000000097,78.5,None,None,None,0.0,unknown
1763619207.9213526,0,0.047,0.5,0,1,1,199.37,202.80000000000098,78.39999999999999,None,None,None,0.0,unknown
1763619207.9675765,0,0.048,0.5,0,2,1,199.37,202.70000000000098,78.25,None,None,None,0.0,unknown
1763619208.1182308,0,0.048,0.5,0,1,1,199.37,202.600000000001,78.05,None,None,None,0.0,unknown
1763619208.2393224,0,0.048,0.5,0,1,1,199.37,202.500000000001,77.94999999999999,None,None,None,0.0,unknown
1763619208.2577996,0,0.046,0.5,0,0,1,199.37,202.400000000001,77.89999999999999,None,None,None,0.0,unknown
1763619208.3771698,0,0.045,0.5,0,0,1,199.33,202.300000000001,77.8,None,None,None,0.0,unknown
1763619208.4469292,0,0.045,0.5,0,1,1,199.33,202.200000000001,77.64999999999999,None,None,None,0.0,unknown
1763619208.5274682,0,0.045,0.5,0,1,1,199.12,202.10000000000102,77.25,None,None,None,0.0,unknown
1763619208.565593,0,0.046,0.5,0,1,1,198.91,202.00000000000102,76.75,None,None,None,0.0,unknown
1763619208.6205907,0,0.046,0.5,0,0,1,198.7,201.90000000000103,76.35,None,None,None,0.0,unknown
1763619208.7533898,0,0.046,0.5,1,0,1,198.49,201.80000000000103,76.0,None,None,None,0.0,unknown
1763619208.8863719,0,0.043000000000000003,0.5,0,0,1,198.28,201.70000000000104,75.6,None,None,None,0.0,unknown
1763619209.032984,0,0.042,0.5,0,1,1,198.07,201.60000000000105,75.14999999999999,None,None,None,0.0,unknown
1763619209.0796025,0,0.044000000000000004,0.5,0,2,1,197.86,201.50000000000105,74.7,None,None,None,0.0,unknown
1763619209.1442237,0,0.042,0.5,0,0,1,197.65,201.40000000000106,74.15,None,None,None,0.0,unknown
1763619209.2449353,0,0.04,0.5,0,1,1,197.44,201.30000000000106,73.6,None,None,None,0.0,unknown
1763619209.3051934,0,0.038,0.5,0,0,1,197.23,201.20000000000107,73.1,None,None,None,0.0,unknown
1763619209.3940003,0,0.037000000000000005,0.5,0,0,1,197.23,201.10000000000107,72.89999999999999,None,None,None,0.0,unknown
1763619209.4565861,0,0.036000000000000004,0.5,0,0,1,197.23,201.00000000000108,72.8,None,None,None,0.0,unknown
1763619209.529882,0,0.036000000000000004,0.5,1,0,1,197.23,200.90000000000109,72.55,None,None,None,0.0,unknown
1763619209.5854073,0,0.037000000000000005,0.5,0,1,1,197.23,200.8000000000011,72.39999999999999,None,None,None,0.0,unknown
1763619209.7237349,0,0.039,0.5,0,2,1,197.23,200.7000000000011,72.2,None,None,None,0.0,unknown
1763619209.8188193,0,0.038,0.5,0,0,1,197.23,200.6000000000011,72.0,None,None,None,0.0,unknown
1763619209.9963121,0,0.038,0.5,0,1,1,197.23,200.5000000000011,71.8,None,None,None,0.0,unknown
1763619210.0745974,0,0.04,0.5,2,0,1,197.23,200.4000000000011,71.64999999999999,None,None,None,0.0,unknown
1763619210.1060815,0,0.041,0.5,0,1,1,197.19,200.30000000000112,71.35,None,None,None,0.0,unknown
1763619210.251811,0,0.039,0.5,0,0,1,196.98,200.20000000000113,71.0,None,None,None,0.0,unknown
1763619210.3409956,0,0.039,0.5,0,0,1,196.77,200.10000000000113,70.6,None,None,None,0.0,unknown
1763619210.4121175,0,0.04,0.5,0,1,1,196.56,200.00000000000114,70.25,None,None,None,0.0,unknown
1763619210.4854705,0,0.04,0.5,1,0,1,196.35,199.90000000000114,69.75,None,None,None,0.0,unknown
1763619210.521715,0,0.038,0.5,1,0,1,196.14,199.80000000000115,69.35,None,None,None,0.0,unknown
1763619210.535368,0,0.037000000000000005,0.5,0,0,1,195.93,199.70000000000115,68.95,None,None,None,0.0,unknown
1763619210.580853,0,0.038,0.5,0,1,1,195.72,199.60000000000116,68.44999999999999,None,None,None,0.0,unknown
1763619210.5917819,0,0.04,0.5,1,2,1,195.51,199.50000000000117,68.0,None,None,None,0.0,unknown
1763619210.6070921,0,0.041,0.5,0,1,1,195.3,199.40000000000117,67.60000000000001,None,None,None,0.0,unknown
1763619210.7558224,0,0.044000000000000004,0.5,1,4,1,194.99,199.30000000000118,67.55,None,None,None,0.0,unknown
1763619210.8564425,0,0.048,0.5,1,4,1,194.85,199.20000000000118,67.95,None,None,None,0.0,unknown
1763619210.9581041,0,0.051000000000000004,0.5,1,3,1,194.75,199.1000000000012,68.45,None,None,None,0.0,unknown
1763619211.01921,0,0.053,0.5,1,2,1,194.65,199.0000000000012,68.9,None,None,None,0.0,unknown
1763619211.1368632,0,0.056,0.5,1,4,1,194.55,198.9000000000012,69.3,None,None,None,0.0,unknown
1763619211.3272395,0,0.060000000000000005,0.5,1,3,1,194.41,198.8000000000012,69.7,None,None,None,0.0,unknown
1763619211.4736927,0,0.066,0.5,2,4,1,194.31,198.7000000000012,70.10000000000001,None,None,None,0.0,unknown
1763619211.5066733,0,0.07,0.5,2,3,1,194.21,198.60000000000122,70.35000000000001,None,None,None,0.0,unknown
1763619211.6025522,0,0.075,0.5,1,4,1,194.11,198.50000000000122,70.8,None,None,None,0.0,unknown
1763619211.855546,0,0.078,0.5,1,2,1,194.01,198.40000000000123,71.30000000000001,None,None,None,0.0,unknown
1763619211.8992345,0,0.08,0.5,2,2,1,193.82,198.30000000000123,71.75,None,None,None,0.0,unknown
1763619212.0064735,0,0.084,0.5,2,2,1,193.72,198.20000000000124,72.15,None,None,None,0.0,unknown
1763619212.1446695,0,0.088,0.5,2,3,1,193.62,198.10000000000124,72.35000000000001,None,None,None,0.0,unknown
1763619212.2361999,0,0.093,0.5,2,3,1,193.52,198.00000000000125,72.7,None,None,None,0.0,unknown
1763619212.2501194,0,0.098,0.5,3,3,1,193.38,197.90000000000126,73.0,None,None,None,0.0,unknown
1763619212.419998,0,0.101,0.5,2,2,1,193.28,197.80000000000126,73.45,None,None,None,0.0,unknown
1763619212.5329776,0,0.105,0.5,3,3,1,193.18,197.70000000000127,73.65,None,None,None,0.0,unknown
1763619212.675741,0,0.107,0.5,1,2,1,193.04,197.60000000000127,73.95,None,None,None,0.0,unknown
1763619213.00868,0,0.111,0.5,2,3,1,192.94,197.50000000000128,74.3,None,None,None,0.0,unknown
1763619213.071121,0,0.114,0.5,1,2,1,192.84,197.40000000000128,74.75,None,None,None,0.0,unknown
1763619213.1802986,0,0.119,0.5,2,3,1,192.74,197.3000000000013,75.1,None,None,None,0.0,unknown
1763619213.3361933,0,0.124,0.5,2,4,1,192.6,197.2000000000013,75.5,None,None,None,0.0,unknown
1763619213.4579601,0,0.126,0.5,2,1,1,192.5,197.1000000000013,75.85,None,None,None,0.0,unknown
1763619213.5128524,0,0.128,0.5,2,1,1,192.4,197.0000000000013,76.15,None,None,None,0.0,unknown
1763619213.6325738,0,0.132,0.5,1,3,1,192.26,196.9000000000013,76.5,None,None,None,0.0,unknown
1763619213.7761703,0,0.135,0.5,2,2,1,192.16,196.80000000000132,76.8,None,None,None,0.0,unknown
1763619213.887512,0,0.14,0.5,2,3,1,192.06,196.70000000000132,77.1,None,None,None,0.0,unknown
1763619214.2233965,0,0.142,0.5,1,2,1,191.92,196.60000000000133,77.35,None,None,None,0.0,unknown
1763619214.3552659,0,0.142,0.5,2,0,1,191.82,196.50000000000134,77.64999999999999,None,None,None,0.0,unknown
1763619214.4021535,0,0.144,0.5,1,1,1,191.72,196.40000000000134,78.0,None,None,None,0.0,unknown
1763619214.605723,0,0.148,0.5,2,3,1,191.58,196.30000000000135,78.35000000000001,None,None,None,0.0,unknown
1763619214.8107193,0,0.15,0.5,1,1,1,191.44,196.20000000000135,78.65,None,None,None,0.0,unknown
1763619214.9036217,0,0.153,0.5,1,2,1,191.3,196.10000000000136,78.95,None,None,None,0.0,unknown
1763619215.0594237,0,0.159,0.5,2,4,1,191.2,196.00000000000136,79.25,None,None,None,0.0,unknown
1763619215.207066,0,0.163,0.5,3,2,1,191.1,195.90000000000137,79.45,None,None,None,0.0,unknown
1763619215.3783212,0,0.166,0.5,2,2,1,190.96,195.80000000000138,79.7,None,None,None,0.0,unknown
1763619215.5425231,0,0.167,0.5,1,2,1,190.82,195.70000000000138,79.95,None,None,None,0.0,unknown
1763619215.7031958,0,0.171,0.5,1,3,1,190.72,195.6000000000014,80.30000000000001,None,None,None,0.0,unknown
1763619215.762334,0,0.175,0.5,2,3,1,190.62,195.5000000000014,80.6,None,None,None,0.0,unknown
1763619215.8499491,0,0.176,0.5,1,2,1,190.52,195.4000000000014,80.9,None,None,None,0.0,unknown
1763619215.8806906,0,0.18,0.5,2,3,1,190.38,195.3000000000014,81.25,None,None,None,0.0,unknown
1763619215.9933095,0,0.184,0.5,1,3,1,190.24,195.2000000000014,81.55,None,None,None,0.0,unknown
1763619216.1265764,0,0.187,0.5,0,3,1,190.14,195.10000000000142,81.85,None,None,None,0.0,unknown
1763619216.3656418,0,0.191,0.5,2,3,1,190.04,195.00000000000142,82.15,None,None,None,0.0,unknown
1763619216.5843709,0,0.197,0.5,3,4,1,189.94,194.90000000000143,82.4,None,None,None,0.0,unknown
1763619216.6231854,0,0.2,0.5,1,3,1,189.84,194.80000000000143,82.75,None,None,None,189.84,unknown
1763619216.8215983,0,0.203,0.5,1,2,1,189.74,194.70000000000144,83.10000000000001,None,None,None,189.84,unknown
1763619216.868241,0,0.205,0.5,1,2,1,189.64,194.60000000000144,83.4,0.0,None,0.20325,189.84,unknown
1763619216.94234,0,0.207,0.5,3,2,1,189.5,194.50000000000145,83.75,0.10089499917863635,None,0.10423000082136365,189.84,unknown
1763619217.01614,0,0.209,0.5,2,1,1,189.4,194.40000000000146,84.15,0.059778089813507226,None,0.14728441018649274,189.84,unknown
1763619217.1782768,0,0.206,0.5,1,1,1,189.3,194.30000000000146,84.45,0.0317905038206253,None,0.17474074617937468,189.84,unknown
1763619217.280615,0,0.203,0.5,0,2,1,189.2,194.20000000000147,84.8,0.014876121024121268,None,0.18988950397587873,189.84,unknown
1763619217.393997,0,0.201,0.5,1,1,1,189.1,194.10000000000147,85.1,0.005311761360221766,None,0.19757105113977824,189.84,unknown
1763619217.4578953,0,0.201,0.5,1,2,1,188.96,194.00000000000148,85.4,-0.00011574324206704354,None,0.20205714949206705,189.84,unknown
1763619217.6315045,0,0.199,0.5,2,1,1,188.82,193.90000000000148,85.69999999999999,None,None,None,189.84,unknown
1763619217.7256753,0,0.199,0.5,1,3,1,188.72,193.8000000000015,86.05,None,None,None,189.84,unknown
1763619217.8287046,0,0.197,0.5,1,3,1,188.62,193.7000000000015,86.3,None,None,None,189.84,unknown
1763619217.9373467,0,0.195,0.5,2,1,1,188.52,193.6000000000015,86.6,None,None,None,189.84,unknown
1763619218.098185,0,0.193,0.5,1,2,1,188.42,193.5000000000015,87.05,None,None,None,189.84,unknown
1763619218.21497,0,0.193,0.5,1,2,1,188.28,193.4000000000015,87.4,None,None,None,189.84,unknown
1763619218.3620534,0,0.193,0.5,1,3,1,188.14,193.30000000000152,87.75,None,None,None,189.84,unknown
1763619218.4917467,0,0.192,0.5,1,2,1,188.04,193.20000000000152,88.19999999999999,None,None,None,189.84,unknown
1763619218.558333,0,0.189,0.5,0,2,1,187.9,193.10000000000153,88.6,None,None,None,189.84,unknown
1763619218.6820452,0,0.187,0.5,2,1,1,187.76,193.00000000000153,89.0,None,None,None,189.84,unknown
1763619218.7404702,0,0.185,0.5,2,2,1,187.62,192.90000000000154,89.3,None,None,None,189.84,unknown
1763619218.8156047,0,0.185,0.5,2,2,1,187.52,192.80000000000155,89.65,None,None,None,189.84,unknown
1763619218.8435254,0,0.182,0.5,1,2,1,187.42,192.70000000000155,90.0,None,None,None,189.84,unknown
1763619218.8623161,0,0.183,0.5,2,2,1,187.28,192.60000000000156,90.45,None,None,None,189.84,unknown
1763619218.914802,0,0.182,0.5,2,2,1,187.18,192.50000000000156,90.85,None,None,None,189.84,unknown
1763619219.0199835,0,0.182,0.5,1,2,1,187.04,192.40000000000157,91.15,None,None,None,189.84,unknown
1763619219.1130877,0,0.181,0.5,2,2,1,186.9,192.30000000000157,91.5,None,None,None,189.84,unknown
1763619219.2680883,0,0.177,0.5,1,1,1,186.76,192.20000000000158,91.85,None,None,None,189.84,unknown
1763619219.3081846,0,0.176,0.5,1,1,1,186.66,192.1000000000016,92.3,None,None,None,189.84,unknown
1763619219.409658,0,0.177,0.5,1,3,1,186.56,192.0000000000016,92.65,None,None,None,189.84,unknown
1763619219.5058248,0,0.177,0.5,2,2,1,186.46,191.9000000000016,93.05,None,None,None,189.84,unknown
1763619219.5922596,0,0.175,0.5,1,1,1,186.36,191.8000000000016,93.4,None,None,None,189.84,unknown
1763619219.7110968,0,0.174,0.5,2,2,1,186.22,191.7000000000016,93.65,None,None,None,189.84,unknown
1763619219.9521,0,0.174,0.5,1,2,1,186.08,191.60000000000161,93.85,None,None,None,189.84,unknown
1763619220.0700202,0,0.174,0.5,1,1,1,185.94,191.50000000000162,94.19999999999999,None,None,None,189.84,unknown
1763619220.1166193,0,0.176,0.5,1,3,1,185.84,191.40000000000163,94.65,None,None,None,189.84,unknown
1763619220.1778169,0,0.17200000000000001,0.5,0,1,1,185.7,191.30000000000163,94.9,None,None,None,189.84,unknown
1763619220.3404562,0,0.17400000000000002,0.5,1,3,1,185.56,191.20000000000164,95.25,None,None,None,189.84,unknown
1763619220.4952111,0,0.17400000000000002,0.5,2,1,1,185.42,191.10000000000164,95.55,None,None,None,189.84,unknown
1763619220.5636039,0,0.171,0.5,1,2,1,185.28,191.00000000000165,95.80000000000001,None,None,None,189.84,unknown
1763619220.5927284,0,0.168,0.5,0,2,1,185.18,190.90000000000165,96.1,None,None,None,189.84,unknown
1763619220.6789465,0,0.168,0.5,2,2,1,185.08,190.80000000000166,96.35,None,None,None,189.84,unknown
1763619220.7183595,0,0.17,0.5,2,3,1,184.98,190.70000000000167,96.7,None,None,None,189.84,unknown
1763619220.8754952,0,0.17,0.5,1,3,1,184.88,190.60000000000167,96.95,None,None,None,189.84,unknown
1763619220.966586,0,0.169,0.5,2,2,1,184.74,190.50000000000168,97.30000000000001,None,None,None,189.84,unknown
1763619221.018466,0,0.17,0.5,2,2,1,184.64,190.40000000000168,97.65,None,None,None,189.84,unknown
1763619221.1341298,0,0.168,0.5,2,1,1,184.54,190.3000000000017,98.0,None,None,None,189.84,unknown
1763619221.2790809,0,0.167,0.5,1,2,1,184.4,190.2000000000017,98.3,None,None,None,189.84,unknown
1763619221.357313,0,0.166,0.5,1,1,1,184.3,190.1000000000017,98.65,None,None,None,189.84,unknown
1763619221.4530885,0,0.162,0.5,0,1,1,184.16,190.0000000000017,98.85,None,None,None,189.84,unknown
1763619221.5584548,0,0.16,0.5,3,2,1,184.02,189.9000000000017,99.3,None,None,None,189.84,unknown
1763619221.7225482,0,0.158,0.5,1,1,1,183.92,189.80000000000172,99.6,None,None,None,189.84,unknown
1763619221.7815652,0,0.157,0.5,0,2,1,183.82,189.70000000000172,99.9,None,None,None,189.84,unknown
1763619221.8614092,0,0.157,0.5,0,3,1,183.68,189.60000000000173,100.2,None,None,None,189.84,unknown
1763619221.9979267,0,0.153,0.5,1,0,1,183.54,189.50000000000173,100.55,None,None,None,189.84,unknown
1763619222.1348326,0,0.153,0.5,1,2,1,183.44,189.40000000000174,100.80000000000001,None,None,None,189.84,unknown
1763619222.2513614,0,0.153,0.5,1,1,1,183.51,189.30000000000175,100.7,None,None,None,189.84,unknown
1763619222.3589592,0,0.16,0.5,2,7,1,183.48,189.20000000000175,100.8,None,None,None,189.84,unknown
1763619222.6171775,0,0.167,0.5,3,6,1,183.41,189.10000000000176,100.9,None,None,None,189.84,unknown
1763619222.7973208,0,0.17200000000000001,0.5,3,5,1,183.34,189.00000000000176,101.05,None,None,None,189.84,unknown
1763619222.8666,0,0.178,0.5,3,6,1,183.27,188.90000000000177,101.25,None,None,None,189.84,unknown
1763619223.1612692,0,0.182,0.5,2,6,1,183.24,188.80000000000177,101.5,None,None,None,189.84,unknown
1763619223.2723436,0,0.188,0.5,4,6,1,183.17,188.70000000000178,101.85,None,None,None,189.84,unknown
1763619223.3963532,0,0.193,0.5,3,5,1,183.1,188.60000000000178,102.2,None,None,None,189.84,unknown
1763619223.5613227,0,0.199,0.5,3,6,1,183.03,188.5000000000018,102.35,None,None,None,189.84,unknown
1763619223.671408,0,0.20400000000000001,0.5,3,5,1,182.96,188.4000000000018,102.65,None,None,None,189.84,unknown
1763619223.7581842,0,0.20800000000000002,0.5,1,7,1,182.89,188.3000000000018,102.7,None,None,None,189.84,unknown
1763619223.939546,0,0.213,0.5,2,6,1,182.82,188.2000000000018,102.9,-0.03884005289533197,None,0.24808272867658196,189.84,unknown
1763619223.9774616,0,0.218,0.5,2,5,1,182.75,188.1000000000018,103.2,-0.038145920985030106,None,0.2517672588756551,189.84,unknown
1763619224.1223686,0,0.223,0.5,3,5,1,182.68,188.00000000000182,103.44999999999999,-0.03539593038022739,None,0.25370659932553985,189.84,unknown
1763619224.1513119,0,0.228,0.5,2,7,1,182.65,187.90000000000182,103.69999999999999,-0.03149201172488555,None,0.25464734619754176,189.84,unknown
1763619224.2647943,0,0.233,0.5,3,6,1,182.58,187.80000000000183,103.94999999999999,-0.027088074676812755,None,0.25516574191314084,189.84,unknown
1763619224.403547,0,0.24000000000000002,0.5,4,6,1,182.51,187.70000000000184,104.25,-0.02237176677254081,None,0.2564106003907049,189.84,unknown
1763619224.526095,0,0.244,0.5,2,6,1,182.48,187.60000000000184,104.5,-0.017364667053066933,None,0.25638408386214895,189.84,unknown
1763619224.5955253,0,0.249,0.5,4,5,1,182.41,187.50000000000185,104.65,-0.012238001179784184,None,0.2562477095843252,189.84,unknown
1763619224.735594,0,0.255,0.5,3,6,1,182.34,187.40000000000185,104.80000000000001,-0.00697924700192079,None,0.2564841012041913,189.84,unknown
1763619224.7921894,0,0.26,0.5,3,6,1,182.27,187.30000000000186,105.0,-0.0015744194277059098,None,0.2563268465288412,189.84,unknown
1763619224.9485695,0,0.268,0.5,3,7,1,182.24,187.20000000000186,105.25,0.003959837079955298,None,0.25741637647061233,189.84,unknown
1763619225.029683,0,0.276,0.5,3,7,1,182.17,187.10000000000187,105.5,0.009630346098985835,None,0.259057760676298,189.84,unknown
1763619225.103511,0,0.28300000000000003,0.5,3,8,1,182.1,187.00000000000188,105.80000000000001,0.01546921509973808,None,0.26037483828790386,189.84,unknown
1763619225.1524377,0,0.28800000000000003,0.5,4,5,1,182.07,186.90000000000188,106.05,0.02142211423242453,None,0.2604999124613965,189.84,unknown
1763619225.208476,0,0.294,0.5,3,5,1,182,186.8000000000019,106.30000000000001,0.027510535300110293,None,0.2604504780468002,189.84,unknown
1763619225.3493624,0,0.299,0.5,3,6,1,181.93,186.7000000000019,106.55000000000001,0.033739386181428986,None,0.2597411204920263,189.84,unknown
1763619225.477252,0,0.305,0.5,3,6,1,181.9,186.6000000000019,106.9,0.03999347197526733,None,0.25924678136146034,189.84,unknown
1763619225.5425541,0,0.311,0.5,4,4,1,181.83,186.5000000000019,107.25,0.04639048514128309,None,0.2587296415270808,189.84,unknown
1763619225.6685772,0,0.315,0.5,3,5,1,181.76,186.4000000000019,107.55000000000001,0.052925526895164145,None,0.25713453643901774,189.84,unknown
1763619225.7055502,0,0.321,0.5,2,5,1,181.73,186.30000000000192,107.75,0.05941984600455519,None,0.25611018566253574,189.84,unknown
1763619225.9685104,0,0.326,0.5,3,6,1,181.7,186.20000000000192,108.0,0.06590240910524611,None,0.2548626067282993,189.84,unknown
1763619226.0349588,0,0.331,0.5,3,5,1,181.67,186.10000000000193,108.35,0.07237840187498465,None,0.2535041060417881,189.84,unknown
1763619226.1559877,0,0.339,0.5,4,7,1,181.6,186.00000000000193,108.6,0.0790446951964199,None,0.25339655876196654,189.84,unknown
1763619226.337515,0,0.34500000000000003,0.5,2,6,1,181.53,185.90000000000194,108.9,0.08589139444674608,None,0.25282923253244716,189.84,unknown
1763619226.3674576,0,0.34800000000000003,0.5,3,4,1,181.5,185.80000000000194,109.15,0.09265923498009979,None,0.25070107850949686,189.84,unknown
1763619226.4278018,0,0.35200000000000004,0.5,4,5,1,181.47,185.70000000000195,109.35,0.09935334498027354,None,0.2483268117645248,189.84,unknown
1763619226.495541,0,0.358,0.5,5,5,1,181.4,185.60000000000196,109.55000000000001,0.10624522640688283,None,0.24659485196551634,189.84,unknown
1763619226.582107,0,0.364,0.5,4,6,1,181.33,185.50000000000196,109.9,0.11328868038416812,None,0.24513135880203146,189.84,unknown
1763619226.6535773,0,0.37,0.5,4,6,1,181.26,185.40000000000197,110.05,0.12045483070505751,None,0.24375518888804226,189.84,unknown
1763619226.7502656,0,0.378,0.5,5,6,1,181.23,185.30000000000197,110.4,0.12742752739743998,None,0.24367748239910994,189.84,unknown
1763619226.917226,0,0.383,0.5,3,5,1,181.2,185.20000000000198,110.65,0.13432623554510342,None,0.24272626935317154,189.84,unknown
1763619227.0163462,0,0.389,0.5,3,5,1,181.13,185.10000000000198,110.9,0.1415015284627108,None,0.24152472398642666,189.84,unknown
1763619227.164252,0,0.397,0.5,3,6,1,181.06,185.000000000002,111.19999999999999,0.14885804952213932,None,0.24115507670242942,189.84,unknown
1763619227.3028324,0,0.402,0.5,4,6,1,180.99,184.900000000002,111.45,0.15636912150458623,None,0.23963744160769815,189.84,unknown
1763619227.435857,0,0.40800000000000003,0.5,2,6,1,180.92,184.800000000002,111.65,0.16397755314075915,None,0.23802572841538303,189.84,unknown
1763619227.4757402,0,0.41700000000000004,0.5,4,7,1,180.85,184.700000000002,111.8,0.17166503896091168,None,0.23783660181715943,189.84,unknown
1763619227.6103778,0,0.424,0.5,4,6,1,180.78,184.600000000002,112.15,0.1794605006025435,None,0.23729031978649204,189.84,unknown
1763619227.7174935,0,0.435,0.5,5,7,1,180.75,184.50000000000202,112.35,0.18693508905523676,None,0.23894032113928104,189.84,unknown
1763619227.9380744,0,0.44,0.5,2,6,1,180.68,184.40000000000202,112.6,0.19473034305524747,None,0.23820736204201146,189.84,unknown
1763619227.9646685,0,0.446,0.5,2,6,1,180.61,184.30000000000203,112.85,0.20269702929391117,None,0.23677182325471827,189.84,unknown
1763619228.0828176,0,0.446,0.5,3,6,1,180.54,184.20000000000203,113.10000000000001,0.21077037923884795,None,0.23196404703546675,189.84,unknown
1763619228.202515,0,0.447,0.5,4,6,1,180.47,184.10000000000204,113.4,0.21883095819272014,None,0.22603625494443724,189.84,unknown
1763619228.3345218,1763619228.3972857,0.447,0.5,2,6,1,180.44,184.00000000000205,113.75,0.22634681792239483,0.024864822104486026,0.2195867886461839,189.84,ripe
1763619228.610325,1763619228.3972857,0.449,0.5,5,6,1,180.41,183.90000000000205,114.05,0.2334885439329989,0.025503693487049804,0.21397825935129045,189.84,ripe
1763619228.7433107,1763619228.3972857,0.449,0.5,3,5,1,180.34,183.80000000000206,114.3,0.24088641820386134,0.026121215974923846,0.2073469834382833,189.84,ripe
1763619228.9464397,1763619228.3972857,0.45,0.5,5,6,0,180.27,183.70000000000206,114.65,0.2483495263192114,0.02671801955288709,0.20076717450186096,189.84,ripe
1763619229.0507638,1763619228.3972857,0.451,0.5,3,6,0,180.2,183.70000000000206,114.95,0.25579269600827176,0.027294527097451206,0.19426565440226445,189.84,ripe
1763619229.1533954,1763619228.3972857,0.452,0.5,3,7,0,180.13,183.70000000000206,115.15,0.2631709580109423,0.02785107846461513,0.18785821719432577,189.84,ripe
1763619229.1999104,1763619228.3972857,0.453,0.5,3,6,0,180.1,183.70000000000206,115.4,0.26990333598568644,0.02838858809032488,0.18211125161694758,189.84,ripe
1763619229.3376248,1763619228.3972857,0.454,0.5,3,6,0,180.07,183.70000000000206,115.6,0.27623440956462914,0.02890788032450023,0.17677288423668785,189.84,ripe
1763619229.428867,1763619228.3972857,0.454,0.5,2,6,0,180,183.70000000000206,115.80000000000001,0.28287045569039543,0.02940750728306027,0.17063319121026305,189.84,ripe
1763619229.5818946,1763619228.3972857,0.454,0.5,2,5,0,179.97,183.70000000000206,116.1,0.28900576034917275,0.0298877114658413,0.16474606310115653,189.84,ripe
1763619229.6668115,1763619228.3972857,0.453,0.5,2,5,0,179.94,183.70000000000206,116.35,0.2948066836672484,0.030347540669518214,0.1585692280579163,189.84,ripe
1763619229.9052916,1763619228.3972857,0.454,0.5,3,7,0,179.91,183.70000000000206,116.6,0.30034671502525345,0.030789811189881843,0.15334124083732892,189.84,ripe
1763619229.9773817,1763619228.3972857,0.454,0.5,3,6,0,179.84,183.70000000000206,116.85,0.3063109680370224,0.031213796458901263,0.14753300989426876,189.84,ripe
1763619230.059632,1763619228.3972857,0.456,0.5,5,7,0,179.77,183.70000000000206,117.19999999999999,0.31242594780205935,0.031622156989154764,0.14249604116358627,189.84,ripe
1763619230.1088629,1763619228.3972857,0.457,0.5,4,5,0,179.74,183.70000000000206,117.4,0.3179485531455751,0.03201593969120473,0.13801244133724772,189.84,ripe
1763619230.2058442,1763619228.3972857,0.459,0.5,4,7,0,179.67,183.70000000000206,117.6,0.3237549962550755,0.03239625027075732,0.1337255009863359,189.84,ripe
1763619230.3233604,1763619228.3972857,0.46,0.5,3,7,0,179.64,183.70000000000206,117.8,0.3290212830884137,0.03276345785232133,0.129718965532292,189.84,ripe
1763619230.4522889,1763619228.3972857,0.461,0.5,4,6,0,179.61,183.70000000000206,118.1,0.33396043669876874,0.03311800146295855,0.12590968761158416,189.84,ripe
1763619230.722861,1763619228.3972857,0.461,0.5,3,7,0,179.58,183.70000000000206,118.25,0.3386825109511041,0.033458933411804295,0.12175255120407241,189.84,ripe
1763619230.8292105,1763619228.3972857,0.459,0.5,2,6,0,179.51,183.70000000000206,118.4,0.34389992336674136,0.03378200285486633,0.11581760771084693,189.84,ripe
1763619231.0774496,1763619228.3972857,0.457,0.5,3,6,0,179.44,183.70000000000206,118.7,0.3492766738750336,0.034085352052267925,0.1090820916637606,189.84,ripe
1763619231.2044823,1763619228.3972857,0.457,0.5,3,6,0,179.37,183.70000000000206,118.9,0.35464333901936945,0.03437109576892149,0.10303604375002767,189.84,ripe
1763619231.3728383,1763619228.3972857,0.459,0.5,3,7,0,179.3,183.70000000000206,119.05,0.3599438640756598,0.034643234848627434,0.09839582730903873,189.84,ripe
1763619231.5026553,1763619228.3972857,0.457,0.5,2,5,0,179.27,183.70000000000206,119.45,0.3644863870295872,0.03489979095847294,0.09318345866276206,189.84,ripe
1763619231.6421428,1763619228.3972857,0.456,0.5,3,5,0,179.24,183.70000000000206,119.80000000000001,0.3685617172032457,0.03514151858745869,0.08827320564292895,189.84,ripe
1763619231.6944249,1763619228.3972857,0.457,0.5,4,5,0,179.21,183.70000000000206,119.95,0.37233442077751666,0.03537180464288355,0.08458304064557065,189.84,ripe
1763619231.778619,1763619228.3972857,0.459,0.5,4,6,0,179.14,183.70000000000206,120.15,0.3766263384750213,0.03559232083474215,0.08133239223652239,189.84,ripe
1763619231.8450255,1763619228.3972857,0.461,0.5,3,6,0,179.11,183.70000000000206,120.4,0.38043995932920494,0.03580551038642962,0.0790394060265669,189.84,ripe
1763619231.8969312,1763619228.3972857,0.46,0.5,3,5,0,179.08,183.70000000000206,120.55,0.38399299806091247,0.036008665854063926,0.07574668461697343,189.84,ripe
1763619232.0615406,1763619228.3972857,0.46,0.5,3,5,0,179.05,183.70000000000206,120.80000000000001,0.38735261264672793,0.03620202601608054,0.072517228692215,189.84,ripe
1763619232.107722,1763619228.3972857,0.458,0.5,2,7,0,179.02,183.70000000000206,121.05,0.390569274554148,0.0363832445257535,0.06836564611532348,189.84,ripe
1763619232.1485975,1763619228.3972857,0.459,0.5,3,6,0,178.95,183.70000000000206,121.3,0.39436895096850183,0.03655377001046563,0.06459850936623396,189.84,ripe
1763619232.2865996,1763619228.3972857,0.462,0.5,4,6,0,178.88,183.70000000000206,121.5,0.39842332369866934,0.03671704905644117,0.06206040646869854,189.84,ripe
1763619232.3709722,1763619228.3972857,0.462,0.5,2,7,0,178.81,183.70000000000206,121.85,0.4025960296768457,0.036870879436414164,0.05864583540683821,189.84,ripe
1763619232.4248781,1763619228.3972857,0.461,0.5,3,6,0,178.74,183.70000000000206,122.1,0.4067747573342402,0.03701301450637529,0.054346175207601766,189.84,ripe
1763619232.5331037,1763619228.3972857,0.459,0.5,3,5,0,178.71,183.70000000000206,122.3,0.4101488507682238,0.03714294530469284,0.04991161550269718,189.84,ripe
1763619232.6416607,1763619228.3972857,0.457,0.5,2,6,0,178.64,183.70000000000206,122.5,0.41379481408300556,0.03725896319751521,0.04473541905245493,189.84,ripe
1763619232.7345195,1763619228.3972857,0.456,0.5,4,6,0,178.57,183.70000000000206,122.7,0.41749791931158814,0.03736174675174038,0.03976719725614214,189.84,ripe
1763619232.8232565,1763619228.3972857,0.456,0.5,3,5,0,178.54,183.70000000000206,123.0,0.4204186891645789,0.03745488427305696,0.03621386911928626,189.84,ripe
1763619232.939647,1763619228.3972857,0.458,0.5,4,6,0,178.47,183.70000000000206,123.30000000000001,0.42366438367610754,0.03754108723505674,0.03365189546582509,189.84,ripe
1763619233.0166483,1763619228.3972857,0.458,0.5,3,6,0,178.44,183.70000000000206,123.69999999999999,0.42630392395450967,0.03762098399172573,0.03135421561645668,189.84,ripe
1763619233.1744392,1763619228.3972857,0.456,0.5,2,6,0,178.41,183.70000000000206,123.95,0.428609525799663,0.0376924759011644,0.028219543985820217,189.84,ripe
1763619233.193474,1763619228.3972857,0.455,0.5,2,5,0,178.34,183.70000000000206,124.3,0.4314437469650518,0.03775419839370669,0.024470787927689808,189.84,ripe
1763619233.3057244,1763619228.3972857,0.451,0.5,3,4,0,178.27,183.70000000000206,124.60000000000001,0.43448316184317093,0.03780187713068039,0.018974105603199898,189.84,ripe
1763619233.403627,1763619228.3972857,0.452,0.5,4,7,0,178.24,183.70000000000206,124.94999999999999,0.43676681668678685,0.037841781357703025,0.01596181703639854,189.84,ripe
1763619233.5494783,1763619228.3972857,0.449,0.5,3,6,0,178.21,183.70000000000206,125.3,0.4386638957313423,0.03787210713658812,0.012200421130250383,189.84,ripe
1763619233.6131744,1763619228.3972857,0.449,0.5,2,6,0,178.14,183.70000000000206,125.65,0.44105954361698324,0.03789406446583175,0.008872614813813129,189.84,ripe
1763619233.7561808,1763619228.3972857,0.449,0.5,2,6,0,178,183.70000000000206,125.94999999999999,0.4449904912596233,0.03790512964087339,0.004475587955774851,189.84,ripe
1763619233.7693388,1763619228.3972857,0.449,0.5,3,6,0,178,183.70000000000206,125.94999999999999,0.4469585823509065,0.037910724215477414,0.0022744572567925947,189.84,ripe
1763619234.0687795,1763619228.3972857,0.447,0.5,3,5,0,178,183.70000000000206,126.05,0.4479437627624694,0.03791114617701632,0.00017275704138020043,189.84,ripe
1763619234.2021434,1763619228.3972857,0.448,0.5,2,7,0,178,183.70000000000206,126.15,0.44840835964588316,0.03791029774352595,-0.000350099743958332,189.84,ripe
1763619234.3491971,1763619228.3972857,0.446,0.5,3,6,0,178,183.70000000000206,126.19999999999999,0.44862812488129156,0.03790645415797583,-0.0015989949303291118,189.84,ripe
1763619234.4245858,1763619228.3972857,0.447,0.5,2,7,0,178,183.70000000000206,126.35000000000001,0.44869752867871454,0.037902441643843564,-0.0016829637032333422,189.84,ripe
1763619234.467491,1763619228.3972857,0.445,0.5,3,6,0,178,183.70000000000206,126.30000000000001,0.4487074708679005,0.03789605559323334,-0.0027001883801599513,189.84,ripe
1763619234.4912179,1763619228.3972857,0.447,0.5,5,6,0,178,183.70000000000206,126.3,0.4486605839650601,0.03789099451232653,-0.0021569427211897696,189.84,ripe
1763619234.6501648,1763619228.3972857,0.445,0.5,3,5,0,178,183.70000000000206,126.5,0.44861501981395324,0.037884327922621704,-0.002863199192018051,189.84,ripe
1763619234.7119317,1763619228.3972857,0.446,0.5,3,7,0,178,183.70000000000206,126.5,0.4485432662606817,0.03787816387820175,-0.0026673559497140675,189.84,ripe
1763619234.8434734,1763619228.3972857,0.445,0.5,2,6,0,178,183.70000000000206,126.69999999999999,0.44847387273014966,0.037871199329502454,-0.0030359175746658695,189.84,ripe
1763619234.9702828,1763619228.3972857,0.446,0.5,4,5,0,178,183.70000000000206,126.75,0.4483932065972493,0.037865108110758966,-0.002674229019507368,189.84,ripe
1763619235.0177324,1763619228.3972857,0.448,0.5,3,6,0,178,183.70000000000206,126.75,0.44832198344358715,0.0378617999633304,-0.0014624946547162065,189.84,ripe
1763619235.2239819,1763619228.3972857,0.452,0.5,4,7,0,178,183.70000000000206,126.8,0.44828326331109847,0.03786437582462411,0.0011464810833370365,189.84,ripe
1763619235.3426933,1763619228.3972857,0.451,0.5,3,6,0,178,183.70000000000206,126.95,0.4483139856209347,0.03786861864256856,0.0019008865762830673,189.84,ripe
1763619235.500687,1763619228.3972857,0.45,0.5,3,5,0,178,183.70000000000206,127.05,0.4483643326441465,0.03787248444035161,0.0017431034544624358,189.84,ripe
1763619235.563585,1763619228.3972857,0.446,0.5,2,6,0,178,183.70000000000206,127.0,0.4484101597261094,0.03787169885206742,-0.00035644167680493055,189.84,ripe
1763619235.878063,1763619228.3972857,0.445,0.5,3,5,0,178,183.70000000000206,127.05,0.4484008863852328,0.03786759356567438,-0.0018740273605805102,189.84,ripe
1763619236.0457788,1763619228.3972857,0.442,0.5,2,6,0,178,183.70000000000206,127.15,0.4483522938074809,0.037858689272028866,-0.004088864295154759,189.84,ripe
1763619236.270049,1763619228.3972857,0.441,0.5,3,6,0,178,183.70000000000206,127.14999999999999,0.44824687397741714,0.037846531494760347,-0.005615159221254107,189.84,ripe
1763619236.3633423,1763619228.3972857,0.439,0.5,3,5,0,178,183.70000000000206,127.14999999999999,0.44810292939738483,0.03783084216016247,-0.007287072019303342,189.84,ripe
1763619236.4538174,1763619228.3972857,0.436,0.5,2,5,0,178,183.70000000000206,127.1,0.44791716942676046,0.037810480241113456,-0.009509240737719693,189.84,ripe
1763619236.5480375,1763619228.3972857,0.437,0.5,3,6,0,178,183.70000000000206,127.14999999999999,0.44767608518047264,0.03778924085597678,-0.009972120835952225,189.84,ripe
1763619236.6787317,1763619228.3972857,0.436,0.5,3,5,0,178,183.70000000000206,127.05,0.4474246112978553,0.03776683934754348,-0.010572629125595145,189.84,ripe
1763619236.838651,1763619228.3972857,0.438,0.5,4,7,0,178,183.70000000000206,127.05,0.4471593776565895,0.03774632042034403,-0.009733386570459357,189.84,ripe
1763619236.9083977,1763619228.3972857,0.438,0.5,4,6,0,178,183.70000000000206,127.1,0.44691643366777006,0.03772701443135974,-0.009203438124704977,189.84,ripe
1763619237.0852597,1763619228.3972857,0.44,0.5,3,6,0,178,183.70000000000206,127.2,0.4466878508127757,0.037710665729385355,-0.007831353041243105,189.84,ripe
1763619237.1085,1763619228.3972857,0.441,0.5,3,6,0,178,183.70000000000206,127.15,0.44649428220867265,0.037697022859201554,-0.0065660333229063395,189.84,ripe
1763619237.2447734,1763619228.3972857,0.441,0.5,3,6,0,178,183.70000000000206,127.2,0.4463327506393264,0.037684884905776594,-0.0058686261964432385,189.84,ripe
1763619237.3516612,1763619228.3972857,0.44,0.5,4,5,0,178,183.70000000000206,127.15,0.4461890372775872,0.03767261927557331,-0.005956975056145564,189.84,ripe
1763619237.4526396,1763619228.3972857,0.44,0.5,3,6,0,178,183.70000000000206,127.2,0.4460438122193853,0.03766046697164991,-0.005927781108664487,189.84,ripe
1763619237.6152263,1763619228.3972857,0.442,0.5,3,7,0,178,183.70000000000206,127.3,0.44589992894263425,0.03765058299247592,-0.004841913387273855,189.84,ripe
1763619237.7402792,1763619228.3972857,0.443,0.5,3,6,0,178,183.70000000000206,127.2,0.44578290263006487,0.037642951843876074,-0.0037538948523846982,189.84,ripe
1763619237.7827485,1763619228.3972857,0.441,0.5,3,4,0,178,183.70000000000206,127.25,0.4456925498310678,0.03763449287505359,-0.004178045942227759,189.84,ripe
1763619237.8249369,1763619228.3972857,0.441,0.5,3,6,0,178,183.70000000000206,127.3,0.4455923956404222,0.03762575056290408,-0.004335143696002186,189.84,ripe
1763619237.9170318,1763619228.3972857,0.439,0.5,2,6,0,178,183.70000000000206,127.5,0.4454888866646782,0.037614982729093444,-0.005360260692468144,189.84,ripe
1763619238.0567312,1763619228.3972857,0.437,0.5,2,5,0,178,183.70000000000206,127.6,0.44536139551241344,0.03760138004890857,-0.006797082526308451,189.84,ripe
1763619238.0877895,1763619228.3972857,0.437,0.5,4,5,0,178,183.70000000000206,127.65,0.44520033977905105,0.03758658903941808,-0.007418183285998525,189.84,ripe
1763619238.2075243,1763619228.3972857,0.439,0.5,3,7,0,178,183.70000000000206,127.65,0.44502521422669694,0.03757340887946144,-0.006634135980170708,189.84,ripe
1763619238.3047552,1763619228.3972857,0.441,0.5,4,6,0,178,183.70000000000206,127.8,0.44486916113281694,0.03756316643101142,-0.0051736220095538465,189.84,ripe
1763619238.4321935,1763619228.3972857,0.44,0.5,3,6,0,178,183.70000000000206,127.80000000000001,0.44474789054317204,0.03755349870329627,-0.004900120981540523,189.84,ripe
1763619238.456291,1763619228.3972857,0.441,0.5,3,6,0,178,183.70000000000206,127.80000000000001,0.4446334246470263,0.037545221272982654,-0.004209539866210588,189.84,ripe
1763619238.5909162,1763619228.3972857,0.438,0.5,3,4,0,178,183.70000000000206,127.9,0.4445354198721139,0.03753478768974273,-0.005323477481706085,189.84,ripe
1763619238.734862,1763619228.3972857,0.436,0.5,3,4,0,178,183.70000000000206,127.95,0.44441188624655364,0.03752149127018568,-0.006805915051349698,189.84,ripe
1763619238.7517831,1763619228.3972857,0.435,0.5,3,4,0,178,183.70000000000206,128.1,0.44425445663899843,0.037506005318860794,-0.007951471041396485,189.84,ripe
1763619239.0804527,1763619228.3972857,0.436,0.5,3,5,0,178,183.70000000000206,128.25,0.44407110297531177,0.03749062845757805,-0.007919610176510827,189.84,ripe
1763619239.39041,1763619228.3972857,0.437,0.5,3,5,0,178,183.70000000000206,128.25,0.4438890409377242,0.03747647114278038,-0.007313294538323745,189.84,ripe
1763619239.5774539,1763619228.3972857,0.433,0.5,3,4,0,178,183.70000000000206,128.2,0.44372141833051987,0.03745922764935674,-0.00893354513081962,189.84,ripe
1763619239.6054614,1763619228.3972857,0.431,0.5,2,5,0,178,183.70000000000206,128.25,0.44351725536838393,0.03743878090676257,-0.01062331876853384,189.84,ripe
1763619239.728131,1763619228.3972857,0.43,0.5,3,4,0,178,183.70000000000206,128.2,0.44327516593606897,0.03741607843486502,-0.011828197636143956,189.84,ripe
1763619239.8253307,1763619228.3972857,0.429,0.5,3,4,0,178,183.70000000000206,128.25,0.44300636866880194,0.03739161026184793,-0.012782884518839466,189.84,ripe
1763619239.8916113,1763619228.3972857,0.428,0.5,3,5,0,178,183.70000000000206,128.3,0.4427166655002796,0.03736563776918918,-0.013604923425298343,189.84,ripe
1763619240.0128973,1763619228.3972857,0.427,0.5,3,4,0,178,183.70000000000206,128.25,0.4424091511872,0.037338307769843725,-0.014353280149709324,189.84,ripe
1763619240.0693302,1763619228.3972857,0.424,0.5,2,4,0,178,183.70000000000206,128.3,0.4420855639949498,0.037307810131050285,-0.01605762847620451,189.84,ripe
1763619240.182138,1763619228.3972857,0.422,0.5,4,3,0,178,183.70000000000206,128.4,0.4417244719516355,0.03727425670475737,-0.017710504192262888,189.84,ripe
1763619240.4706097,1763619228.3972857,0.42,0.5,3,4,0,178,183.70000000000206,128.5,0.44132719938432735,0.03723774238407247,-0.01932021550464108,189.84,ripe
1763619240.4886827,1763619228.3972857,0.418,0.5,3,4,0,178,183.70000000000206,128.5,0.4408948698274182,0.03719835227111572,-0.020891377887575113,189.84,ripe
1763619240.5841286,1763619228.3972857,0.414,0.5,3,4,0,178,183.70000000000206,128.6,0.44042849089001024,0.037154284207807815,-0.02342674492008867,189.84,ripe
1763619240.6641665,1763619228.3972857,0.411,0.5,3,2,0,178,183.70000000000206,128.6,0.43990672502044464,0.037105663172895674,-0.025905852035483845,189.84,ripe
1763619240.7583523,1763619228.3972857,0.40800000000000003,0.5,4,3,0,178,183.70000000000206,128.64999999999998,0.4393310519670849,0.037052609126927614,-0.02833061547460447,189.84,ripe
1763619240.9074872,1763619228.3972857,0.40800000000000003,0.5,5,3,0,178,183.70000000000206,128.7,0.4387028920628231,0.03699804054772956,-0.02920267381658287,189.84,ripe
1763619241.000083,1763619228.3972857,0.403,0.5,2,2,0,178,183.70000000000206,128.75,0.4380568000851181,0.036938732056467784,-0.03180669096199801,189.84,ripe
1763619241.0497186,1763619228.3972857,0.399,0.5,4,1,0,178,183.70000000000206,128.65,0.4373545875485787,0.03687410773218058,-0.03472953298701864,189.84,ripe
1763619241.1206021,1763619228.3972857,0.394,0.5,3,3,0,178,183.70000000000206,128.6,0.43658943554901825,0.0368030269095424,-0.03827690826823821,189.84,ripe
1763619241.2260127,1763619228.3972857,0.39,0.5,3,2,0,178,183.70000000000206,128.6,0.4357478386089822,0.03672594386769384,-0.04159157496859217,189.84,ripe
1763619241.427604,1763619228.3972857,0.387,0.5,3,2,0,178,183.70000000000206,128.6,0.43483517539349514,0.03664407992430162,-0.044257043573300126,189.84,ripe
1763619241.5662663,1763619228.3972857,0.385,0.5,3,3,0,178,183.70000000000206,128.5,0.4338659063037313,0.03655901153974459,-0.046076840393633745,189.84,ripe
1763619241.694491,1763619228.3972857,0.382,0.5,3,2,0,178,183.70000000000206,128.55,0.4328586966305761,0.036470623069697033,-0.047964163675527305,189.84,ripe
1763619241.7325559,1763619228.3972857,0.38,0.5,4,2,0,178,183.70000000000206,128.55,0.431812177145213,0.03637981845342825,-0.049364910667688666,189.84,ripe
1763619241.869717,1763619228.3972857,0.376,0.5,2,3,0,178,183.70000000000206,128.65,0.43073705048859057,0.03628523004093265,-0.051513417249828386,189.84,ripe
1763619241.9146523,1763619228.3972857,0.375,0.5,3,4,0,178,183.70000000000206,128.6,0.42961712368464267,0.03618898783880259,-0.052505307065261575,189.84,ripe
1763619242.029153,1763619228.3972857,0.374,0.5,3,3,0,178,183.70000000000206,128.75,0.42847761601142276,0.03609214726632775,-0.05292170770173221,189.84,ripe
1763619242.0798821,1763619228.3972857,0.372,0.5,4,3,0,178,183.70000000000206,128.9,0.42733102363332065,0.0359943143475775,-0.05355306947847538,189.84,ripe
1763619242.2041948,1763619228.3972857,0.371,0.5,4,3,0,178,183.70000000000206,128.85,0.42617268187531776,0.03589621996831641,-0.05378370479789513,189.84,ripe
1763619242.2939575,1763619228.3972857,0.366,0.5,3,3,0,178,183.70000000000206,128.8,0.42501124442486643,0.035794579647577936,-0.055816755886155145,189.84,ripe
1763619242.3600965,1763619228.3972857,0.362,0.5,2,4,0,178,183.70000000000206,128.85000000000002,0.4238078230273229,0.03568874538527864,-0.05821057875796726,189.84,ripe
1763619242.456265,1763619228.3972857,0.359,0.5,3,3,0,178,183.70000000000206,128.85000000000002,0.42255474536169924,0.0355793590546313,-0.06025612322702145,189.84,ripe
1763619242.6290586,1763619228.3972857,0.355,0.5,2,3,0,178,183.70000000000206,128.9,0.4212596112068347,0.035465868588301204,-0.06261030013949581,189.84,ripe
1763619242.6464467,1763619228.3972857,0.351,0.5,3,2,0,178,183.70000000000206,129.1,0.41991588408548636,0.03534805328829673,-0.06509122855181693,189.84,ripe
1763619242.803088,1763619228.3972857,0.348,0.5,3,3,1,178,183.70000000000206,129.15,0.4185209509334334,0.0352267600003839,-0.06710862316659866,189.84,ripe
1763619242.9058037,1763619228.3972857,0.346,0.5,4,3,1,178,183.60000000000207,129.25,0.41708483840454547,0.03510334396002934,-0.06837867452112811,189.84,ripe
1763619243.0730336,1763619228.3972857,0.34199999999999997,0.5,3,3,1,178,183.50000000000207,129.4,0.4156235924867475,0.03497668687068371,-0.07027051054503886,189.84,ripe
1763619243.3246515,1763619228.3972857,0.33899999999999997,0.5,3,3,1,178,183.40000000000208,129.4,0.41412397254889527,0.0348471808876521,-0.07194743157804095,189.84,ripe
1763619243.4461038,1763619228.3972857,0.33799999999999997,0.5,3,3,1,178,183.3000000000021,129.4,0.41259062170980104,0.03471684705557111,-0.07250235122437393,189.84,ripe
1763619243.5308347,1763619228.3972857,0.33599999999999997,0.5,3,4,1,178,183.2000000000021,129.5,0.4110474691379621,0.0345857809436631,-0.07300333389524855,189.84,ripe
1763619243.6704476,1763619228.3972857,0.33499999999999996,0.5,3,4,1,178,183.1000000000021,129.55,0.40949564637297126,0.034454932712389315,-0.07297357875161453,189.84,ripe
1763619243.7364776,1763619228.3972857,0.33499999999999996,0.5,3,4,1,178,183.0000000000021,129.5,0.4079464033146896,0.03432565684571905,-0.07218536950401128,189.84,ripe
1763619243.7545648,1763619228.3972857,0.33299999999999996,0.5,3,4,1,178,182.9000000000021,129.5,0.4064157770533137,0.0341968049593904,-0.07203526014797457,189.84,ripe
1763619243.8721285,1763619228.3972857,0.33,0.5,3,4,1,178,182.80000000000211,129.5,0.40489017071918243,0.03406691727382061,-0.07269991226651284,189.84,ripe
1763619243.9835982,1763619228.3972857,0.327,0.5,3,4,1,178,182.70000000000212,129.55,0.4033523005220361,0.03393529251184017,-0.07375717129570125,189.84,ripe
1763619244.2498894,1763619228.3972857,0.325,0.5,3,4,1,178,182.60000000000213,129.65,0.40179386334018774,0.033802498689624795,-0.07449629872702035,189.84,ripe
1763619244.5323555,1763619228.3972857,0.323,0.5,2,5,1,178,182.50000000000213,129.65,0.4002215844851577,0.033668824989030455,-0.07507280217857398,189.84,ripe
1763619244.6481402,1763619228.3972857,0.323,0.5,2,5,1,178,182.40000000000214,129.65,0.3986388878701207,0.033536199892038085,-0.07456449671682885,189.84,ripe
1763619244.710328,1763619228.3972857,0.324,0.5,3,5,1,178,182.30000000000214,129.64999999999998,0.39706860672173105,0.033406439101712,-0.07303141114508516,189.84,ripe
1763619244.7781732,1763619228.3972857,0.324,0.5,2,5,1,178,182.20000000000215,129.6,0.39553223896427026,0.033279506694802174,-0.07151364117594727,189.84,ripe
1763619244.8376148,1763619228.3972857,0.323,0.5,3,4,1,178,182.10000000000215,129.5,0.3940293592664579,0.03315446478742075,-0.07052006037229641,189.84,ripe
1763619244.943132,1763619228.3972857,0.321,0.5,2,4,1,178,182.00000000000216,129.5,0.39254886308306175,0.03302994710492582,-0.07029421363598104,189.84,ripe
1763619245.1537971,1763619228.3972857,0.322,0.5,3,5,1,178,181.90000000000217,129.45,0.39107457372232185,0.03290793414100524,-0.06894724899878152,189.84,ripe
1763619245.2410429,1763619228.3972857,0.323,0.5,2,6,1,178,181.80000000000217,129.45,0.3896299402295022,0.032789362817470656,-0.06706627786773206,189.84,ripe
1763619245.2805653,1763619228.3972857,0.322,0.5,2,4,1,178,181.70000000000218,129.4,0.38822605575885266,0.032672883903748715,-0.06594422457796761,189.84,ripe
1763619245.3674777,1763619228.3972857,0.321,0.5,2,4,1,178,181.60000000000218,129.3,0.3868469454203849,0.0325578139732543,-0.06520602982994239,189.84,ripe
1763619245.3996043,1763619228.3972857,0.321,0.5,3,5,1,178,181.5000000000022,129.25,0.38548451744333107,0.032444683982212716,-0.06416405964810984,189.84,ripe
1763619245.6382318,1763619228.3972857,0.324,0.5,4,6,1,178,181.4000000000022,129.2,0.38414505834939866,0.03233637266991403,-0.06148482945178807,189.84,ripe
1763619245.783621,1763619228.3972857,0.325,0.5,2,5,1,178,181.3000000000022,129.25,0.3828626524117822,0.03223247037255641,-0.059032537962976916,189.84,ripe
1763619245.8343918,1763619228.3972857,0.325,0.5,2,5,1,178,181.2000000000022,129.3,0.381632449211068,0.0321318473506638,-0.05721739198666531,189.84,ripe
1763619246.1187696,1763619228.3972857,0.326,0.5,3,5,1,178,181.1000000000022,129.25,0.3804410726318595,0.032034792913744316,-0.05523354401965813,189.84,ripe
1763619246.2051895,1763619228.3972857,0.326,0.5,3,4,1,178,181.00000000000222,129.3,0.3792919480987328,0.031940529795204724,-0.05368818379263207,189.84,ripe
1763619246.4044967,1763619228.3972857,0.328,0.5,4,5,1,178,180.90000000000222,129.4,0.378175872775224,0.03185040085579728,-0.051373990622173626,189.84,ripe
1763619246.5784254,1763619228.3972857,0.329,0.5,1,5,1,178,180.80000000000223,129.14999999999998,0.3771087461326399,0.03176413877631711,-0.04920780505611466,189.84,ripe
1763619246.7282343,1763619228.3972857,0.329,0.5,2,5,1,178,180.70000000000223,129.1,0.3760874031115947,0.031680693522313785,-0.047636932573332125,189.84,ripe
1763619246.820114,1763619228.3972857,0.329,0.5,3,5,1,178,180.60000000000224,129.1,0.37509941130419533,0.0315995203006701,-0.046374176035063996,189.84,ripe
1763619246.8772008,1763619228.3972857,0.333,0.5,3,5,1,178,180.50000000000225,129.05,0.3741383203599341,0.031523825493736585,-0.0432757027253684,189.84,ripe
1763619246.918182,1763619228.3972857,0.33499999999999996,0.5,1,6,1,178,180.40000000000225,129.15,0.3732420938458413,0.0314533667158155,-0.04031078502855845,189.84,ripe
1763619247.0175257,1763619228.3972857,0.33599999999999997,0.5,2,5,1,178,180.30000000000226,129.2,0.37240786191525566,0.03138709400841877,-0.037942207506614256,189.84,ripe
1763619247.0758505,1763619228.3972857,0.33799999999999997,0.5,2,5,1,178,180.20000000000226,129.15,0.37162319305967834,0.031325320584189256,-0.03539036585535765,189.84,ripe
1763619247.1759562,1763619228.3972857,0.34199999999999997,0.5,3,6,1,178,180.10000000000227,129.1,0.3708917957168009,0.03126989401264183,-0.031775382114640593,189.84,ripe
1763619247.3106391,1763619228.3972857,0.344,0.5,3,5,1,178,180.00000000000227,129.10000000000002,0.3702355451096794,0.031219904067653927,-0.0286773383085992,189.84,ripe
1763619247.4514658,1763619228.3972857,0.346,0.5,2,5,1,178,179.90000000000228,129.0,0.3696436641610226,0.03117484612485943,-0.025864560760482547,189.84,ripe
1763619247.52698,1763619228.3972857,0.346,0.5,2,4,1,178,179.80000000000229,128.95,0.36911017811833574,0.031132678437912155,-0.024220626418065716,189.84,ripe
1763619247.6263752,1763619228.3972857,0.347,0.5,1,5,1,178,179.7000000000023,129.0,0.36861091270488,0.031093241274271228,-0.022666136854745,189.84,ripe
1763619247.8045177,1763619228.3972857,0.348,0.5,2,6,1,178,179.6000000000023,129.0,0.3681439766873714,0.031056426608960474,-0.02117158876230396,189.84,ripe
1763619247.9004123,1763619228.3972857,0.35,0.5,2,6,1,178,179.5000000000023,129.05,0.3677080910500921,0.03102302185612528,-0.019221897087558393,189.84,ripe
1763619247.9807386,1763619228.3972857,0.351,0.5,2,6,1,178,179.4000000000023,129.0,0.3673125787765234,0.030992506332339822,-0.01756948179525658,189.84,ripe
1763619248.02056,1763619228.3972857,0.35,0.5,0,6,1,178,179.3000000000023,129.05,0.3669512749749036,0.030962858169175572,-0.017079726484270197,189.84,ripe
1763619248.1308508,1763619228.3972857,0.358,0.5,3,11,1,178,179.20000000000232,129.1,0.3666002407230389,0.03094088646125351,-0.01266446647772218,189.84,ripe
1763619248.2765968,1763619228.3972857,0.37,0.5,5,13,1,177.88,179.10000000000232,129.3,0.36819654888891695,0.030930033673611274,-0.006228661766258581,189.84,ripe
