frame,timestamp_sec,track_id,label,score,u,v,bbox_x1,bbox_y1,bbox_x2,bbox_y2,X_m,Y_m,Z_m
0,1762956309.308322,1,blueberry,0.9640,650.50,473.50,603,432,698,515,-0.0003,0.2823,-0.0029
1,1762956311.163003,1,blueberry,0.9653,650.50,473.00,603,431,698,515,0.0008,0.2827,-0.0050
2,1762956312.695133,1,blueberry,0.9679,648.50,472.50,601,432,696,513,-0.0008,0.2826,-0.0039
3,1762956314.106304,1,blueberry,0.9639,647.50,473.50,600,432,695,515,-0.0008,0.2826,-0.0034
4,1762956315.638435,1,blueberry,0.9653,649.50,473.00,602,431,697,515,-0.0003,0.2826,-0.0029
10,1762956400.632575,1,blueberry,0.9642,636.00,465.00,588,423,684,507,-0.0034,0.2817,-0.0044
11,1762956401.842185,1,blueberry,0.9659,637.00,467.00,591,425,683,509,0.0003,0.2817,-0.0055
12,1762956403.092114,1,blueberry,0.9641,637.00,467.50,591,426,683,509,-0.0039,0.2817,-0.0055
13,1762956404.583966,1,blueberry,0.9653,636.00,467.00,590,425,682,509,-0.0034,0.2817,-0.0055
14,1762956405.914537,1,blueberry,0.9653,636.50,467.50,590,425,683,510,-0.0034,0.2817,-0.0060
17,1762956462.081281,1,blueberry,0.9615,638.00,526.50,589,485,687,568,-0.0064,0.2763,0.0105
20,1762956545.062814,1,blueberry,0.9687,595.50,531.50,547,489,644,574,-0.0129,0.2723,0.0113
21,1762956546.191826,1,blueberry,0.9620,592.50,532.50,545,490,640,575,-0.0123,0.2722,0.0118
22,1762956547.522448,1,blueberry,0.9638,596.50,531.00,548,488,645,574,-0.0129,0.2723,0.0118
23,1762956548.812748,1,blueberry,0.9703,595.00,531.50,546,489,644,574,-0.0123,0.2723,0.0118
24,1762956550.627234,1,blueberry,0.9706,595.50,530.50,547,488,644,573,-0.0118,0.2723,0.0123
35,1762956763.048184,1,blueberry,0.9662,599.50,461.50,546,417,653,506,-0.0123,0.2702,-0.0038
36,1762956764.136927,1,blueberry,0.9665,599.00,462.00,545,417,653,507,-0.0133,0.2702,-0.0048
37,1762956765.588584,1,blueberry,0.9610,599.50,463.50,546,417,653,510,-0.0123,0.2707,-0.0038
38,1762956767.040241,1,blueberry,0.9630,602.50,463.00,547,418,658,508,-0.0118,0.2710,-0.0043
39,1762956768.411251,1,blueberry,0.9752,602.50,462.00,547,418,658,506,-0.0113,0.2717,-0.0048
45,1762956890.715017,1,blueberry,0.9686,595.50,479.00,544,434,647,524,-0.0133,0.2715,-0.0028
46,1762956891.803786,1,blueberry,0.9595,595.00,478.50,544,434,646,523,-0.0133,0.2714,-0.0018
47,1762956893.174831,1,blueberry,0.9641,597.00,480.50,544,438,650,523,-0.0128,0.2717,-0.0023
48,1762956895.150746,1,blueberry,0.9586,595.00,479.00,544,434,646,524,-0.0133,0.2717,-0.0023
49,1762956896.642766,1,blueberry,0.9584,595.50,479.00,544,434,647,524,-0.0128,0.2715,-0.0023
60,1762957235.824346,1,blueberry,0.9813,494.00,678.50,446,635,542,722,-0.0286,0.2393,0.0516
61,1762957236.913172,1,blueberry,0.9751,493.50,679.00,448,635,539,723,-0.0368,0.2410,0.0462
62,1762957238.284286,1,blueberry,0.9825,494.00,679.00,446,635,542,723,-0.0345,0.2405,0.0461
63,1762957239.494094,1,blueberry,0.9827,494.50,679.00,447,635,542,723,-0.0322,0.2401,0.0473
64,1762957240.784554,1,blueberry,0.9812,494.00,678.00,447,635,541,721,-0.0336,0.2403,0.0465
65,1762957263.932263,1,blueberry,0.9865,520.00,533.00,479,492,561,574,-0.0304,0.2469,0.0130
66,1762957265.061422,1,blueberry,0.9892,520.00,534.00,479,493,561,575,-0.0300,0.2472,0.0140
67,1762957266.593852,1,blueberry,0.9869,520.00,533.00,479,492,561,574,-0.0304,0.2473,0.0130
68,1762957268.247264,1,blueberry,0.9871,520.00,533.00,479,492,561,574,-0.0304,0.2467,0.0135
69,1762957269.618387,1,blueberry,0.9876,519.50,533.00,479,491,560,575,-0.0282,0.2474,0.0153
75,1762957733.675812,1,blueberry,0.9705,480.50,688.00,426,645,535,731,-0.0374,0.2449,0.0496
76,1762957734.805030,1,blueberry,0.9707,479.50,690.00,423,648,536,732,-0.0374,0.2449,0.0492
77,1762957736.135893,1,blueberry,0.9739,480.50,687.50,426,645,535,730,-0.0374,0.2446,0.0496
78,1762957737.668404,1,blueberry,0.9700,480.00,690.00,423,648,537,732,-0.0369,0.2445,0.0477
79,1762957738.999267,1,blueberry,0.9706,479.00,688.00,425,646,533,730,-0.0374,0.2448,0.0469
90,1762957888.944441,1,blueberry,0.9674,485.00,619.00,430,576,540,662,-0.0369,0.2420,0.0311
91,1762957890.033344,1,blueberry,0.9679,485.00,618.00,430,575,540,661,-0.0369,0.2420,0.0311
92,1762957891.323897,1,blueberry,0.9682,484.00,618.50,430,576,538,661,-0.0365,0.2420,0.0311
93,1762957892.816099,1,blueberry,0.9718,484.50,618.50,430,576,539,661,-0.0356,0.2421,0.0320
94,1762957894.187312,1,blueberry,0.9709,485.00,618.50,430,576,540,661,-0.0356,0.2421,0.0316
95,1762957917.296323,1,blueberry,0.9525,677.50,523.00,641,472,714,574,0.0079,0.2449,0.0102
96,1762957918.385230,1,blueberry,0.9509,676.50,521.00,640,471,713,571,0.0088,0.2447,0.0097
98,1762957920.522717,1,blueberry,0.9509,676.00,521.50,639,472,713,571,0.0084,0.2448,0.0111
99,1762957921.732615,1,blueberry,0.9570,677.00,521.50,640,471,714,572,0.0088,0.2447,0.0097
100,1762958251.191384,1,blueberry,0.9688,495.00,703.50,441,655,549,752,-0.0347,0.2422,0.0527
101,1762958252.320642,1,blueberry,0.9751,497.50,701.50,443,653,552,750,-0.0339,0.2424,0.0523
102,1762958253.974199,1,blueberry,0.9646,495.50,701.00,442,652,549,750,-0.0339,0.2425,0.0532
103,1762958255.305112,1,blueberry,0.9678,496.00,700.50,443,651,549,750,-0.0348,0.2423,0.0536
104,1762958256.636023,1,blueberry,0.9704,497.00,703.00,443,655,551,751,-0.0343,0.2423,0.0527
110,1762958363.956265,1,blueberry,0.9602,610.00,612.50,567,569,653,656,-0.0118,0.2724,0.0335
112,1762958365.690493,1,blueberry,0.9550,610.50,612.50,567,572,654,653,-0.0104,0.2747,0.0358
113,1762958367.102073,1,blueberry,0.9566,610.00,612.50,567,569,653,656,-0.0114,0.2739,0.0342
120,1762958478.173777,1,blueberry,0.9884,741.50,509.00,697,470,786,548,0.0257,0.2925,0.0084
121,1762958479.343379,1,blueberry,0.9825,740.00,509.00,695,470,785,548,0.0263,0.2925,0.0079
122,1762958480.956624,1,blueberry,0.9859,740.00,509.00,695,470,785,548,0.0273,0.2922,0.0089
123,1762958482.327882,1,blueberry,0.9875,740.50,509.00,696,470,785,548,0.0263,0.2930,0.0073
124,1762958483.578146,1,blueberry,0.9862,741.00,509.00,696,470,786,548,0.0284,0.2927,0.0084
125,1762958512.979581,1,blueberry,0.9642,849.00,507.50,804,455,894,560,0.0477,0.2352,0.0028
126,1762958514.068524,1,blueberry,0.9615,849.00,510.50,803,463,895,558,0.0481,0.2352,0.0033
127,1762958515.560779,1,blueberry,0.9582,848.50,507.00,802,455,895,559,0.0481,0.2351,0.0041
128,1762958517.133697,1,blueberry,0.9636,849.00,509.50,802,461,896,558,0.0512,0.2352,0.0124
129,1762958518.504958,1,blueberry,0.9606,849.00,510.00,803,463,895,557,0.0503,0.2352,0.0115
135,1762959110.773937,1,blueberry,0.9833,686.00,505.50,647,473,725,538,0.0111,0.2924,0.0084
136,1762959111.822565,1,blueberry,0.9838,686.00,505.50,647,473,725,538,0.0116,0.2924,0.0084
137,1762959113.435839,1,blueberry,0.9834,686.00,505.50,648,473,724,538,0.0116,0.2925,0.0084
138,1762959114.605463,1,blueberry,0.9839,686.00,505.50,648,473,724,538,0.0106,0.2925,0.0095
139,1762959115.855750,1,blueberry,0.9809,686.00,506.00,646,474,726,538,0.0122,0.2922,0.0089
140,1762959144.773732,1,blueberry,0.9512,824.00,504.00,785,455,863,553,0.0386,0.2277,0.0036
142,1762959146.548337,1,blueberry,0.9524,824.00,503.50,785,454,863,553,0.0444,0.2275,0.0048
143,1762959147.919623,1,blueberry,0.9543,822.00,504.50,784,454,860,555,0.0452,0.2271,0.0053
144,1762959149.452236,1,blueberry,0.9552,823.50,505.00,785,456,862,554,0.0448,0.2275,0.0057
150,1762959460.695582,1,blueberry,0.9808,603.00,475.00,562,441,644,509,-0.0094,0.2746,-0.0018
151,1762959461.784554,1,blueberry,0.9793,602.50,474.50,561,440,644,509,-0.0094,0.2748,-0.0023
152,1762959462.994524,1,blueberry,0.9750,600.00,472.50,560,438,640,507,-0.0094,0.2746,-0.0023
153,1762959464.365823,1,blueberry,0.9785,601.50,473.00,560,438,643,508,-0.0099,0.2750,-0.0028
154,1762959465.616125,1,blueberry,0.9773,602.00,472.50,560,438,644,507,-0.0099,0.2746,-0.0023
155,1762959494.937762,1,blueberry,0.9563,960.00,508.50,913,461,1007,556,0.0684,0.2245,0.0064
157,1762959496.793053,1,blueberry,0.9538,959.50,508.00,912,460,1007,556,0.0684,0.2246,0.0064
158,1762959498.083688,1,blueberry,0.9528,959.50,508.00,912,460,1007,556,0.0692,0.2245,0.0077
